plang,model,n_files,syntax_ok_pct,loc_mean,loc_mean_valid,n_decidable,induction_all,induction_valid
python,codellama-7b,426,95.77,41.18,36.98,212,75.0,75.37
python,deepseek-coder-1.3b,426,99.06,30.23,30.43,212,69.81,69.23
python,deepseek-coder-6.7b,426,99.53,27.32,27.36,212,65.09,65.4
python,deepseek-coder-v2-lite,426,99.53,44.73,44.46,212,70.75,70.75
python,granite-3b-code,426,95.54,26.82,25.79,212,64.15,64.22
python,granite-8b-code,426,95.07,26.35,25.02,212,69.81,69.61
python,qwen2.5-coder-1.5b,426,99.77,29.35,28.98,212,66.51,66.82
python,qwen2.5-coder-3b,426,98.12,40.92,39.76,212,71.23,71.09
python,qwen2.5-coder-7b,426,99.3,31.22,31.05,212,66.98,66.82
python,starcoder2-3b,426,95.54,39.0,35.47,212,68.4,70.05
python,starcoder2-7b,426,97.65,39.27,37.83,212,67.92,66.99
python,yi-coder-1.5b,426,98.36,31.94,31.4,212,66.04,66.67
python,yi-coder-9b,426,99.3,30.43,30.48,212,68.87,69.19
java,deepseek-coder-6.7b,426,99.53,36.93,36.89,212,65.09,65.4
java,granite-8b-code,426,93.66,34.83,32.33,212,72.17,73.6
java,qwen2.5-coder-7b,426,99.53,53.55,53.09,212,76.42,76.19
java,starcoder2-7b,426,91.78,49.43,47.62,212,67.92,71.07
java,yi-coder-9b,426,99.3,43.78,43.76,212,71.23,71.23
cpp,deepseek-coder-6.7b,426,97.65,36.59,36.61,212,66.98,66.99
cpp,granite-8b-code,426,42.72,198.12,33.3,212,39.62,69.74
cpp,qwen2.5-coder-7b,426,99.06,52.25,52.14,212,74.06,73.93
cpp,starcoder2-7b,426,93.9,49.42,49.7,212,66.04,69.39
cpp,yi-coder-9b,426,99.77,48.05,48.04,212,69.34,69.34
c,deepseek-coder-6.7b,292,96.92,37.76,37.73,160,70.0,71.79
c,granite-8b-code,292,43.15,254.59,32.29,160,35.62,73.85
c,qwen2.5-coder-7b,292,98.97,52.39,52.39,160,76.88,77.22
c,starcoder2-7b,292,92.12,41.98,41.6,160,63.75,68.97
c,yi-coder-9b,292,98.97,48.22,48.13,160,76.88,77.22
