model,lang,n,valid_scored_pct,valid_fence_free_pct,unfenced_pct
codellama-7b,en,279,92.11,94.98,65.59
codellama-7b,es,426,93.9,93.9,6.1
codellama-7b,fr,379,91.82,92.35,37.2
codellama-7b,zh,270,87.41,90.0,23.33
deepseek-coder-1.3b,en,426,98.59,98.59,0.0
deepseek-coder-1.3b,es,426,92.25,92.49,6.57
deepseek-coder-1.3b,fr,426,97.65,97.65,1.41
deepseek-coder-1.3b,zh,426,98.36,98.36,0.94
deepseek-coder-6.7b,en,426,98.83,98.83,0.23
deepseek-coder-6.7b,es,426,91.31,91.31,8.45
deepseek-coder-6.7b,fr,426,98.83,98.83,0.7
deepseek-coder-6.7b,zh,426,96.01,96.01,3.29
deepseek-coder-v2-lite,en,426,99.53,99.53,0.0
deepseek-coder-v2-lite,es,426,99.77,99.77,0.0
deepseek-coder-v2-lite,fr,426,99.53,99.53,0.0
deepseek-coder-v2-lite,zh,426,99.53,99.53,0.0
granite-3b-code,en,426,94.37,94.37,1.17
granite-3b-code,es,426,49.3,89.2,43.19
granite-3b-code,fr,426,86.85,89.2,4.46
granite-3b-code,zh,426,91.31,93.66,3.52
granite-8b-code,en,426,90.85,90.85,0.0
granite-8b-code,es,426,26.76,93.19,72.3
granite-8b-code,fr,426,80.28,93.43,15.26
granite-8b-code,zh,426,94.37,95.77,7.75
qwen2.5-coder-1.5b,en,426,99.3,99.3,0.0
qwen2.5-coder-1.5b,es,426,99.06,99.06,0.23
qwen2.5-coder-1.5b,fr,426,97.65,97.65,0.0
qwen2.5-coder-1.5b,zh,426,99.53,99.53,0.0
qwen2.5-coder-3b,en,426,98.12,98.12,0.7
qwen2.5-coder-3b,es,426,94.84,94.84,4.23
qwen2.5-coder-3b,fr,426,97.65,97.65,0.94
qwen2.5-coder-3b,zh,426,99.53,99.53,0.0
qwen2.5-coder-7b,en,426,98.83,98.83,0.0
qwen2.5-coder-7b,es,426,96.71,96.71,1.88
qwen2.5-coder-7b,fr,426,99.53,99.53,0.0
qwen2.5-coder-7b,zh,426,99.53,99.53,0.0
starcoder2-3b,en,426,92.72,92.72,0.7
starcoder2-3b,es,426,95.54,95.54,0.0
starcoder2-3b,fr,426,93.19,93.19,0.47
starcoder2-3b,zh,426,95.07,95.07,0.47
starcoder2-7b,en,426,97.18,97.89,0.7
starcoder2-7b,es,426,97.65,97.65,0.0
starcoder2-7b,fr,426,96.48,97.89,2.11
starcoder2-7b,zh,426,98.59,98.83,0.23
yi-coder-1.5b,en,426,98.12,98.12,0.0
yi-coder-1.5b,es,426,97.65,97.65,1.17
yi-coder-1.5b,fr,426,96.95,96.95,0.94
yi-coder-1.5b,zh,426,98.12,98.12,0.0
yi-coder-9b,en,426,99.06,99.06,0.0
yi-coder-9b,es,426,99.3,99.3,0.0
yi-coder-9b,fr,426,99.53,99.53,0.0
yi-coder-9b,zh,426,100.0,100.0,0.0
